,prod_company,num_movies,dom_box_office,int_box_office
0,Warner Bros.,186,15272696394,34916308610
1,Columbia Pictures,166,14250727779,31668374003
2,Universal Pictures,177,14174036096,34079682003
3,Walt Disney Pictures,112,13180557629,31418674887
4,Marvel Studios,50,9590862433,23703755720
5,Paramount Pictures,103,9417295007,23238826272
6,20th Century Fox,89,9113986888,22808702141
7,Relativity Media,98,6596301574,13655720076
8,DreamWorks Pictures,74,6402873724,12660540916
9,Dune Entertainment,70,6295149265,16385510655
10,DreamWorks Animation,40,5572469335,14791142714
11,Amblin Entertainment,54,5320112959,12693936955
12,Regency Enterprises,134,5264430500,11143847384
13,Village Roadshow Productions,71,5051938190,11696456524
14,Legendary Pictures,43,5026731962,12417112919
15,Disney-Pixar,21,4939873843,12021965970
16,Lucasfilm,18,4928566616,10222527094
17,New Line Cinema,74,4483364687,10233839642
18,Touchstone Pictures,55,3981162822,7725770719
19,Lionsgate,108,3652798624,7241407871
20,RatPac Entertainment,47,3545213839,8608295594
21,Heyday Films,17,3210145689,9985244233
22,Metro-Goldwyn-Mayer Pictures,51,3174157864,7810037167
23,Jerry Bruckheimer,20,3051808813,7172137384
24,Walt Disney Animation Studios,17,2830945891,7593287504
25,Summit Entertainment,48,2675183670,6915509203
26,Imagine Entertainment,43,2558688676,5205050272
27,Fox 2000 Pictures,43,2486055530,5505324604
28,1492 Pictures,22,2472444304,6165166653
29,di Bonaventura Pictures,24,2329449772,6338111398
30,Bad Robot,13,2298037523,5242991378
31,Happy Madison,32,2290395772,3835858268
32,Illumination Entertainment,11,2181078620,5782122249
33,Spyglass Entertainment,25,2176450885,4202124942
34,Original Film,22,2135516242,6586329659
35,TSG Entertainment,31,2085556095,5851199192
36,The Kennedy/Marshall Company,26,2027198094,4497055484
37,Scott Rudin Productions,34,2006636144,3511315363
38,Wingnut Films,11,1992627287,6240859901
39,Working Title Films,77,1971259629,6116858669
40,PDI,9,1938568463,4843757294
41,Silver Pictures,32,1924311002,4251273579
42,New Regency,51,1809680176,4228122127
43,Revolution Studios,35,1764350680,3128828204
44,Blumhouse,55,1750651023,3275891808
45,Skydance Productions,18,1714190565,4727928107
46,Chernin Entertainment,19,1688092525,4189867443
47,Castle Rock Entertainment,47,1682457870,2825026366
48,Temple Hill Entertainment,25,1658451325,4157284593
49,Syncopy,6,1650668007,3922379704
50,Tri-Star Pictures,36,1643337362,3365366834
51,Atlas Entertainment,12,1643126655,4404038670
52,Scott Free Films,33,1616778563,4146654559
53,Twentieth Century Fox,29,1593531455,4022743620
54,Walden Media,27,1572391309,3847125369
55,Zancuk Company,11,1544680393,3752668123
56,Mandeville Films,19,1537299804,3051984001
57,Color Force,9,1535129683,3131721470
58,Ingenious Media,30,1508655222,4190555386
59,LStar Capital,24,1505003967,3693898210
60,Brian Grazer Productions,16,1478368954,3430822132
61,Blue Sky Studios,13,1478253484,4874254413
62,Donners' Company,15,1458987916,3725727345
63,Hasbro,7,1446851069,3733842650
64,Participant Media,76,1437595748,2733236505
65,Davis Entertainment,35,1422758414,3406686921
66,Ingenious Film Partners,7,1397328994,4499132298
67,Overbrook Entertainment,13,1348716587,3117554682
68,Sunswept Entertainment,10,1333905635,3233759658
69,Sony Pictures Animation,16,1305247759,3695629716
70,Roth Films,10,1305111522,3422356826
71,Laura Ziskin Productions,4,1230393258,2688702773
72,Chris Meledandri,4,1201994200,2756513827
73,Screen Gems,31,1187101674,2526583552
74,Centropolis Entertainment,12,1172584729,3515442778
75,One Race Films,8,1141774168,4746765815
76,Weinstein Company,35,1129643974,2706936251
77,Fairview Entertainment,5,1126831144,2393096692
78,Cruel and Unusual Films,5,1114920450,2761664895
79,Plan B Entertainment,26,1110920362,2717669273
80,Cruise-Wagner,7,1107923624,3029986287
81,Judd Apatow,12,1086897505,1466120053
82,Malpaso Productions,16,1079095605,1820272376
83,Vertigo Entertainment,14,1052022814,2051035408
84,Bad Hat Harry Productions,9,1041487477,2718590778
85,Alcon Entertainment,21,1027777571,1848988357
86,Canal Plus,156,1023886288,3707288385
87,21 Laps Entertainment,18,1019272818,2255450889
88,Gary Sanchez Productions,18,1015256914,1545414944
89,ImageMovers,11,994713848,1939921561
90,GK Films,15,978180742,2480322427
91,Parkes+Macdonald Productions,15,961695122,2419245651
92,Mosaic Media,14,951753337,1624602297
93,Bluegrass Films,16,947131337,2103223654
94,Perfect World Pictures,16,937109281,2615306180
95,Focus Features,32,922893358,2147146563
96,Kinberg Genre,9,919412487,2681419794
97,Gold Circle Films,37,897489954,1484350004
98,Weed Road Pictures,10,896167954,2271960315
99,Blinding Edge Pictures,9,875093101,1935148067
100,Lin Pictures,5,866299308,1693010760
101,Lakeshore Entertainment,33,865770112,1827554648
102,20th Century Fox Animation,10,836451849,2485876635
103,Fox Searchlight Pictures,44,835966117,1983524064
104,Lightstorm Entertainment,6,820616393,2588478433
105,Dentsu Inc.,11,800641003,3329957064
106,Green Hat Films,5,799257788,1728995694
107,Jersey Films,21,782151943,1263846520
108,Millennium Films,37,777842039,2069875954
109,Marc Platt Productions,17,764564256,1710760045
110,Nickelodeon Films,12,762158903,1450329302
111,Escape Artists,16,762077624,1562093398
112,Playtone,15,753085747,1682382134
113,MTV Films,15,742916292,1133810935
114,MRC,5,734822812,2296182225
115,EuropaCorp,25,725102185,2109759497
116,Hollywood Pictures,9,720564052,1470864052
117,Big Screen Prods,10,716746762,2215160664
118,Michael De Luca,11,713094404,2104956370
119,Platinum Dunes,11,712648612,1340911529
120,De Line Pictures,9,701176245,1520073253
121,Red Hour Productions,14,686466387,1168917775
122,Reliance Entertainment,20,684835387,1528316524
123,Icon Productions,8,658502958,1143069278
124,Gil Netter Productions,8,657489886,1393522023
125,Bagdasarian Company,4,655935962,1404697199
126,Thunder Road Film,14,652458842,1653023680
127,Don Murphy,2,647550946,1940558775
128,Tom DeSanto,2,647550946,1940558775
129,NPV Entertainment,5,641119275,1530143484
130,Tom Cruise Productions,5,639730779,1980755792
131,Appian Way,16,635459019,1692079734
132,StudioCanal,75,631315791,2446179797
133,Mandate Pictures,16,630646149,1024104247
134,Mad Chance,7,621776676,1179454955
135,DMG Entertainment,8,610181222,1725516481
136,A Band Apart,8,607790772,1481103652
137,Mace Neufeld,7,596589355,1103881036
138,Benderspink Productions,11,594474999,1035927287
139,Red Wagon Entertainment,6,592747124,1210162721
140,Don Simpson,4,591758328,1064997850
141,Dimension Films,20,588726176,1136324332
142,Reliance BIG Entertainment,13,584269038,1168558482
143,Tencent Pictures ,2,580616220,1378150542
144,Annapurna Pictures,24,579783321,970656227
145,Alphaville,6,576016977,1279760366
146,Gracie Films,7,574925763,1144981862
147,Mutual Film Company,5,560484182,1192779027
148,Point Grey,11,558475239,847878941
149,Media Rights Capital,9,543366657,1333905955
150,Team Todd,7,541812492,958448953
151,Jerry Bruckheimer Films,5,529383932,1516856282
152,Everyman Pictures,6,527873580,875124633
153,FilmNation Entertainment,38,525091712,1131229759
154,Cross Creek Pictures,17,521931372,1432246541
155,Laurence Mark,7,510043672,953094278
156,Eon Productions,3,505407634,1993468693
157,Phoenix Pictures,14,502861948,1423965300
158,Saturn Films,7,498734069,1089108103
159,Imprint Entertainment,7,493307170,1108388552
160,Maverick Films,2,493301605,1108382987
161,Sony Pictures,23,481821154,965543135
162,Valhalla Motion Pictures,5,476613306,1075406827
163,Image Nation Abu Dhabi,16,475587858,908777536
164,Robert Simonds Company,5,473736166,701728453
165,The Safran Company,20,473069185,1300156143
166,Tribeca Film,32,472470635,1013160606
167,Seven Bucks Productions,5,471106876,1240291009
168,Smart Entertainment,4,467780755,909231281
169,Beacon Pictures,9,467679476,863357318
170,David Brown,4,465896331,788887301
171,Cube Vision,5,465012965,559868178
172,Closest to the Hole,8,464306058,672289852
173,Wigram Productions,4,459047991,1250672549
174,Montecito Picture Company,9,456402265,839370167
175,Nu Image,14,454944305,1305491846
176,Wendy Fineman Productions,2,454891598,1005923792
177,Hemisphere Media Capital,3,452398349,1534275658
178,The Mark Gordon Company,12,448721161,1258329201
179,Constantin Film,14,448113245,1762357346
180,3 Arts Entertainment,9,445829606,854154290
181,Troublemaker Studios,8,441653060,810237232
182,Mark Johnson,2,433332447,1137880860
183,Will Packer Productions,9,430068915,512704722
184,Animal Logic,5,427249900,957559789
185,Matt Tolmach Productions,4,426621648,1003604118
186,Cine Plus,70,425159261,1453553837
187,M6 Films,10,419557479,1148972887
188,Open Road Films,20,414053954,709186120
189,Wanda Pictures,1,412563408,817012815
190,Good Universe,15,407712057,670442534
191,Anonymous Content,28,403598554,1044903012
192,Waverly Films,5,403485573,931060105
193,Solana Films,6,401360355,879715640
194,Newmarket Films,2,396327797,662065020
195,Image Nation,10,393307944,1126952424
196,Junction Entertainment,2,392966503,788649214
197,Morgan Creek Productions,8,392132699,695148992
198,Broken Road,9,385357166,886185192
199,Birnbaum/Barber,4,382460721,834604214
200,Contrafilm,9,381207362,897770852
201,Stage 6 Films,17,379477458,657593761
202,Trigger Street Productions,9,374332570,996333807
203,Radiant Productions,3,374137787,900293475
204,Tyler Perry Studios,8,374063798,375972708
205,Leverage,9,370689049,543027464
206,Fuji Television Network,8,369155423,1121918756
207,Miramax Films,12,365688790,917488377
208,Douglas Wick,3,365096320,810892666
209,Tapestry Films,6,364733982,476065196
210,Olive Bridge Entertainment,5,363045879,723145508
211,Eddie Murphy Production,2,362912779,605100000
212,China Film Company,8,359057964,2752069961
213,Grive Productions,4,358439941,728122792
214,K/O Paper Products,5,357337072,988083819
215,Di Novi Pictures,9,357317693,646516216
216,Atomic Monster,6,356104857,1022493964
217,Brownstone,3,354194853,588402745
218,Seed Productions,2,353417389,800154940
219,Initial Entertainment Group,7,353069902,760022235
220,John Calley,2,350911984,1258696305
221,22nd & Indiana ,1,350126372,547326372
222,BBC Films,60,350022234,892289387
223,Kerner Entertainment Company,5,341637932,1253557599
224,IM Global,38,337209499,692027168
225,Jerry Weintraub,4,336339543,831295124
226,Radar Pictures,14,334915235,948268771
227,Aardman Animations,7,332685255,1029771891
228,Rainforest Films,4,332132174,388140692
229,Tall Trees,4,332071276,651115950
230,Lawrence Gordon,5,330718511,657603210
231,Cannell Studios,2,330167004,534146305
232,Steve Tisch Productions,1,330151138,679850637
233,Beaglepug,3,327794414,883694414
234,Entertainment One,36,327786020,690050611
235,KatzSmith Productions,1,327481748,697459228
236,Bonnie Arnold,2,326111159,791589066
237,Jack Giarraputo,2,324971441,418832929
238,Apatow Productions,6,322796108,425538482
239,Wild West Picture Show,5,321078245,542486905
240,Alcor Films,9,319629315,481129315
241,Callahan Filmworks,3,318245928,488105181
242,Duncan Henderson Productions,1,317575550,974755371
243,Warner Animation Group,5,317066273,580509632
244,Arthur Sarkissian,3,315706339,642669528
245,Guber-Peters,2,314938879,475098879
246,Roger Birnbaum,4,311439538,532012588
247,Wonderland Sound and Vision,8,308131231,696489524
248,Tig Productions,2,306154562,835100000
249,B23,1,304360277,1110526981
250,Ghost House Pictures,4,301242218,539932245
251,American Zoetrope,12,300261206,655933138
252,Fuzzy Door,2,300142125,773230770
253,Double Feature Films,11,298535978,519627837
254,Mirage,8,294098611,448869536
255,Rogue Pictures,10,293487562,598764936
256,Emmett/Furla Films,11,292749621,526447267
257,Mayhem Pictures,5,291298205,404503456
258,Out of the Blue Entertainment,2,289773247,399910818
259,Lynda Obst Productions,3,289062382,865907220
260,Bernd Eichinger,2,286617818,622613441
261,Neal H. Moritz,2,286442310,473712310
262,UK Film Council,24,285732718,905929542
263,Brad Grey,4,284895283,498685720
264,TF1 Film Productions,23,284388751,1479347239
265,Laika,5,283508784,538422188
266,Flower Films,6,282633602,596620889
267,Hyde Park Entertainment,12,281274673,453660259
268,Mark Canton,6,280911937,747621556
269,Affirm Films,10,280464898,324774056
270,MARV Films,8,280186611,829198708
271,Steven Spielberg,3,276936489,576942849
272,Shangri-La Entertainment,5,276860517,518263200
273,United Artists,7,275408053,614494537
274,STX Entertainment,14,274560534,432790295
275,Esperanto Filmoj,1,274092705,695941797
276,Red Granite Pictures,5,272968502,448728424
277,Vertigo Films,18,272509248,657717310
278,Black Label Media,10,266914618,604340712
279,Exclusive Media Group,12,266036687,596870250
280,Forward Pass,4,265903393,528002571
281,Infinitum Nihil,5,263699720,730193433
282,Rat Entertainment,6,262041375,522448332
283,Le Grisbi,7,261602163,505288105
284,Nick Wechsler,7,259774149,474434324
285,Runteldat Entertainment,4,259063630,426362070
286,FilmDistrict,5,259061227,496924902
287,CBS Films,12,258986536,432026721
288,Sikelia Productions,6,257449668,712121849
289,Tim Burton,6,255461467,739542442
290,TIK Films,6,255319342,1010534858
291,LD Entertainment,14,255079292,320687337
292,Four by Two Films,4,255074726,609022074
293,Moritz Borman,5,254064772,678180201
294,John Davis,2,254014499,429314499
295,Protozoa Pictures,9,250692340,775772686
296,Allison Shearmur,3,250642270,612543480
297,Tree Line Film,3,249549353,517630690
298,Bazmark,3,248565516,677791643
299,United Plankton Pictures,2,248410641,453645287
300,Katja Motion Picture Corporation,2,247095503,598020129
301,Misher Films,8,246762539,557716877
302,Tollin/Robbins,3,245866167,340608596
303,Sahdy Acres,1,242704995,484468608
304,Pitt Bull,1,242704995,484468608
305,Gotham Group,10,242445931,943469651
306,Josephson Entertainment,5,241875083,611064671
307,Why Not Productions,24,239031999,465892415
308,Anton Capital Entertainment,15,238273216,883991242
309,Lego Systems A/S ,2,235031939,433721241
310,Curtis-Donen Productions,1,234770996,490359051
311,Carolco Pictures,2,233970952,548334342
312,Simon Kinberg,1,233921534,747862775
313,HBO Films,7,233479558,536826392
314,Section Eight,6,233203528,544095992
315,Lawrence Bender,5,232562719,423268609
316,Pariah Productions,8,231329286,491930573
317,Hyayi Brothers Corp.,24,230319851,1483926374
318,DC Films,3,229024295,655953446
319,QED International,8,228418089,627037232
320,Blue Light,2,227991744,625921263
321,Pearl Street,5,227864744,528132123
322,Leonard Goldberg,2,226119873,486936090
323,M. Productions,2,225978492,636165597
324,Stuber Pictures,4,225358994,443922740
325,River Road Entertainment,11,224315604,725541790
326,Guillermo del Toro,3,223582629,656750015
327,Endgame Entertainment,12,223387803,462419730
328,Interscope Films,3,223235521,448835190
329,Sidney Kimmel Entertainment,16,222159935,405535230
330,Film4,36,222065630,805600103
331,Wild Bunch,48,220773522,658253519
332,Dickhouse,3,219232711,332588812
333,Blue Wolf,1,219195051,441286003
334,Jim Henson Productions,6,218786535,274375433
335,Cold Springs Pictures,5,218559944,517352711
336,Intermedia Film,5,217529331,458592572
337,Zanuck/Brown,2,216722012,425722012
338,Riche-Ludwig,2,214843286,519343286
339,See-Saw Films,12,214126499,659675968
340,Gratitude International,1,213117789,296338663
341,Impact Pictures,8,213101311,1194419307
342,Conundrum Entertainment,4,212394225,425548106
343,Zadan/Meron,2,212338351,377843017
344,The Bedford Falls Company,4,211428369,736310575
345,Mirage Enterprises,3,211119156,406930919
346,Big Talk Pictures,10,210841309,469980331
347,Aggregate Films,4,210766848,293586538
348,IMAX Corporation,9,208686259,288243700
349,Big Kid Pictures,4,208434597,450459950
350,Mr. Mudd,10,207575892,325312133
351,Image Entertainment,7,206534235,553781353
352,Kevin Feige,1,206362140,644602516
353,Eric's Boy,1,206040085,312383487
354,Moving Pictures    ,1,206040085,312383487
355,Strike Entertainment,6,205381696,597688728
356,Robert Rehme,2,205300019,385600000
357,87Eleven Inc.,4,203783024,387627770
358,2Dux2,2,202577355,531793455
359,Samuel Goldwyn Films,21,201685194,454007639
360,Brandywine,2,200739115,641310296
361,Herrick Entertainment,4,200730790,282896198
362,Jon Peters,1,200120000,374085065
363,Smokehouse Pictures,8,199391142,379454412
364,Karz Entertainment,3,199339193,398918805
365,David Entertainment Company,2,198590336,447449374
366,Horseshoe Bay,3,198023124,353149242
367,Kennedy Miller,1,198000317,385000317
368,Flynn Picture Company,7,197736974,704965398
369,Whitaker Entertainment,3,197572797,302712649
370,Wayne Rice,4,197523151,417186358
371,Room 101,5,197003327,458262680
372,Eidos Interactive,2,196797941,430423128
373,Hey Eddie,3,196742778,351695429
374,Monkeypaw Pictures,3,196632518,275897198
375,Spring Creek Prod,5,196623743,390749098
376,Davis Films,7,196010257,1050216615
377,Access Entertainment,2,194865834,632235834
378,Peters Entertainment,3,194321493,331245147
379,Chartoff Winkler Productions,4,193788474,398945963
380,Wind Dancer Films,4,192036778,384276691
381,Gama Entertainment,2,191216282,485028891
382,Heavy Metal,1,191204754,485004754
383,Mednick Productions,1,191204754,485004754
384,Dark Castle Entertainment,7,191175380,338336595
385,Firm Films,4,188699003,347943197
386,Hutch Parker,2,187328850,595203850
387,Film 4,23,187243035,615929551
388,QC Entertainment,4,187196326,271768762
389,Studio Babelsberg,8,186498221,547935655
390,Golden Mean,1,186493587,310634169
391,Ivan Reitman Production,2,185330052,286013528
392,Guy Walks Into a Bar,2,185201772,270885216
393,Wanda Media,16,183687253,2373419456
394,Matt Groening,1,183135014,527071022
395,Smoke House Pictures,3,182763215,315120795
396,Baltimore Spring Creek Pictures,2,182693512,328786512
397,Hasbro Studios,3,181024693,707652025
398,T.D. Jakes,4,178790251,200679716
399,Alliance Films,9,177048476,349832612
400,Sean Daniel Company,3,177036797,575022372
401,Lord Miller,2,176266149,311606180
402,Goldcrest Films,17,176250700,377304290
403,Mandalay Vision,10,176125637,304291069
404,Ludlum Entertainment,1,176087450,288587450
405,Hemdale,2,175982359,215982359
406,Gilbert Films,10,175064514,470432550
407,Gulfstream Pictures,7,174429511,364503752
408,Harbinger Pictures,3,173710166,224288916
409,IMF,5,172019648,353877647
410,Ashok Amritraj,5,171838309,216766492
411,Groucho II Film Partnership,1,171479930,463517383
412,Producer Circle Company,1,170687518,306770545
413,Levantine Films,2,169698064,231891633
414,TTK Productions,2,169418043,260018043
415,EMI,1,169100479,340800479
416,Phillips,1,169100479,340800479
417,Geffen Pictures,2,168806385,287106385
418,Pandemonium,3,167968937,334211794
419,Nancy Tenenbaum,1,166225040,330425040
420,Envision Entertainment,5,165392367,277369508
421,Dino De Laurentiis,2,165092266,350100280
422,Darkwoods,2,164597416,328007708
423,Mike Zoss,3,164414058,305369700
424,Jaffe-Lansing Production,2,162845693,326300000
425,Captivate Entertainment,1,162192920,416197059
426,Radical Studios,2,161795849,531305247
427,Broken Chair Flickz,1,161197785,202182981
428,Crucial Films,1,161197785,202182981
429,LBI Entertainment,3,159535743,313840266
430,Sneaky Shark,1,158848340,336398312
431,Perfect Storm Entertainment,1,158848340,336398312
432,Douglas/Reuther,2,158192915,287116769
433,Blueprint Films,9,157494492,451387464
434,Wayans Brothers Entertainment,1,157019771,277200000
435,Gold-Miller,1,157019771,277200000
436,Feigco Entertainment,3,156677890,290977889
437,Wrigley Pictures,4,155485438,438629977
438,FPS,1,155190832,467151160
439,Huayi Brothers Pictures Ltd,7,154818283,412139304
440,TPS Star,9,154237528,306866110
441,Scholastic Entertainment Inc.,2,153990458,282166348
442,Kennedy Miller Mitchell Productions,1,153636354,370742166
443,Darren Star,1,152647258,415247258
444,Double Nickel Entertainment,3,152383406,278922990
445,Pure Flix,12,152366308,163236706
446,DreamWorks SKG,2,152215849,284313188
447,OddLot Entertainment,7,151511949,281755802
448,Imposter Pictures,2,151101803,434509690
449,Anabasis Investments,1,150415432,300400000
450,Newman/Tooley,1,150394119,267816276
451,Slap Happy Productions,1,150394119,267816276
452,DayDay Films,3,149696524,467251967
453,DisneyToon Studios,2,149440312,394459213
454,Cameron Mackintosh,1,148809770,442169052
455,Principato-Young Entertainment,6,148046316,238369298
456,Woods Entertainment,3,147953295,236764185
457,First Light,3,147679821,221874093
458,Lucamar,3,147679337,257011230
459,On The Day Productions,4,147602992,175060050
460,Ixtlan Productions,4,146467974,284503761
461,A&E Indiefilms,8,146403591,355124736
462,Aegis Film Fund,6,145948744,461222851
463,Clark Spencer,1,145771527,245800000
464,Electric City Entertainment,8,145617243,273720632
465,Bona Fide,12,145058328,269498879
466,Lawrence Mark,1,144801023,348629585
467,Mediastream IV,1,144801023,348629585
468,Fried Films,2,144645014,386393696
469,Molinare,5,144548590,448141663
470,Mediastream Film,1,144512310,206512310
471,Littlestar,2,144130063,615748877
472,China Film Co. LTD,4,144089443,648215207
473,Disney Nature,11,143913828,314999487
474,Reuben Cannon Productions,3,143860182,143860182
475,Zhong Ming You Ying Film,1,143528619,518614383
476,Oriental DreamWorks,1,143528619,518614383
477,The Fyzz Facility,26,142187208,279509388
478,Silverbell Films,1,141621490,417341288
479,Follow Through Productions,4,141590733,204875169
480,Sunday Night,3,141398511,220481935
481,Celador Films,1,141330703,384530440
482,Provident Films,8,140742994,147884950
483,Bold Films,13,140488543,260584513
484,MCEG,1,140088813,297100000
485,Franklin/Waterman,1,140015224,298815224
486,Evergreen Pictures,2,139802140,320505241
487,Rocket Pictures,3,139631415,251443704
488,Charles B. Wessler Entertainment,3,139386687,241770588
489,EON Enterprises,1,139270910,427300260
490,Momentum Pictures,13,138797449,431115890
491,Bedlam,1,138797449,430821168
492,Torridon Films,3,137554323,322041518
493,Crave Films,3,137329795,286278730
494,Harpo Films,3,136538493,191308689
495,Independent Pictures.,1,136314294,376000000
496,Vendian Entertainment,7,136060838,261130982
497,Oren Peli,2,135805005,282599959
498,Likely Story,13,135287014,292970896
499,Lava Bear Films,4,135149934,258300304
500,Ingenius Film Partners,1,134529403,382288147
501,Kickstart,3,134514698,342422607
502,Dovemead Ltd.,1,134218018,300200000
503,Offspring Entertainment,4,133797812,436077329
504,Media Asia Films,9,133297601,475449367
505,A Bigger Boat Productions,4,132972603,283746020
506,DDY,2,132893226,486469501
507,Amazon Studios,23,132804412,228189565
508,David Hoberman,1,132675402,164675402
509,Gregory Jacobs,2,132663967,206924453
510,Constance Marks Productions,2,132225529,289813126
511,Good Machine,2,132187304,245085504
512,Blue Tulip,1,132024714,358824714
513,Ronald Shusett,1,132024714,358824714
514,Gary Goldman,1,132024714,358824714
515,Right of Way Films,7,131573820,243671274
516,Virgin,4,131539480,254551628
517,Voltage Pictures,30,130539292,251263561
518,Black Bear,9,130458219,301105180
519,Major Studio Partners,1,128505958,261443242
520,Indian Paintbrush,8,128404373,275050964
521,Marv of a Cloudy,1,128261724,404561724
522,Barry Sonnenfeld,1,127706877,340384141
523,TF1 International,3,126915202,458255754
524,Jerry Zucker,1,126813153,298923419
525,Predawn,1,126813153,298923419
526,Columbus 81 Productions,1,126631277,287594577
527,Film 44,3,126042103,383149836
528,BFI,39,126006930,322298050
529,Automatik,21,125544761,224613459
530,Halcyon Company,2,125324183,365493506
531,Entertainment/Single Berry,1,125095601,149804632
532,Gravier Productions,6,125083186,438457238
533,Flashlight Films,1,125070033,238552082
534,Martin Bregman,2,125059603,210034603
535,Haishang Films,1,124987022,607767378
536,Fountainbridge Films,2,124560618,248553222
537,Envision Media,5,124305443,206554807
538,DNA Films,8,123777944,305327678
539,BlindWink,1,123477607,245724600
540,Dog Eat Dog,3,123090868,225766062
541,Imaginary Forces,3,122693786,262745374
542,Double Dare You,2,122558154,476616237
543,Amen Ra Films,2,122539265,262590853
544,Extension 765,2,121411615,180839797
545,Star Thrower Entertainment,7,121157510,220453776
546,FilmColony,3,121018005,152018005
547,Zehnte Babelsberg,1,120774594,316915264
548,Jerry Sherlock,1,120709866,200500000
549,Larger Than Life,2,120277854,148715342
550,Sommers Company,2,120150546,300150546
551,Catfish,1,119519402,187707495
552,Jim Czarnecki,1,119114517,221148959
553,Nikelodeon Movies,1,118627117,212956024
554,Irish Film Board,38,118559717,239584884
555,Bedford Falls,4,118389734,327081991
556,TPS Company,3,117739667,120205102
557,David T. Friendly,1,117559438,173559438
558,View Askew,4,117434883,151633700
559,A24,10,117393258,201928566
560,Emjag,1,116900694,389870414
561,Windy Hill Pictures,3,116632095,177025498
562,Salamander Pictures,1,116632095,177025498
563,Pam Williams Productions,1,116632095,177025498
564,Jolie Pas,3,116488736,167567951
565,Crystal Sky Pictures,1,115802596,229545589
566,Technical Black,1,115654751,136706683
567,Aversano Films,2,114784147,181471856
568,2.0 Entertainment,1,114292715,310062511
569,HanWay Films,24,114145218,282195851
570,Ad Hominem Enterpises,3,113935817,222579966
571,Iron Horse,2,113925225,170757754
572,Sonnenfeld-Joseph,1,113805681,221229335
573,Bandito Brothers,5,113600891,276753234
574,Bill Block Media,1,113257297,181457297
575,Suzanne Todd,1,113257297,181457297
576,David Permut,1,112276146,241200000
577,WCG,1,112276146,241200000
578,Todd Phillips,1,112200072,362000072
579,Gerard Butler Alan Siegel Entertainment,2,112030864,178367796
580,Cinecinema,29,111643406,960609376
581,Bullwinkle Studios,1,111506430,269806430
582,Mystery Clock Cinema,2,111111098,320003781
583,Telefilm Canada,53,111026933,278312085
584,Bart/Palevsky,1,110550000,203018919
585,JC 23 Entertainment,1,110550000,203018919
586,Little Stranger,2,110127979,130946629
587,Conman & Izzy,1,110101975,221468935
588,State Street Pictures,8,109965518,118553344
589,Gunnfilms,3,109549879,133983282
590,Yellow Bird,4,109143487,300742370
591,Cott Productions    ,2,108690841,395690841
592,Jon Shestack,3,108635224,164590364
593,Further Films,4,108207183,227746538
594,Simon Fields Productions,2,108143192,195575179
595,Bay Films,2,107953656,215606529
596,Lee Rich,2,107923106,150395313
597,Lloyd Levin,1,107509799,184068357
598,Rovio Animation,1,107509366,352829528
599,Carousel Films,4,106889078,174534937
600,Sherry Lansing,1,106614059,266600000
601,The Zanuck Company,1,106593296,106593296
602,Gianni Nunnari,1,106580051,330780051
603,Hopscotch Features,4,106575168,220402464
604,Pathe,24,106088035,403990671
605,Free State Pictures,2,106057948,320673368
606,Fairbanks,1,105487148,322459006
607,Ram Bergman Productions,5,104227558,246519405
608,Digital Domain,2,103808130,175885849
609,Dune Vision,2,103546083,316875509
610,Christina Steinberg,1,103412758,306900902
611,Gaumont,26,102898718,935080011
612,Franklin Entertainment,2,102553118,135810475
613,Yuk Films,2,102332458,228007119
614,Kendrick Brothers Productions,2,102312338,109161123
615,Rocklin/Faust,2,102083211,152495895
616,Charlotte Huggins,1,101704370,243180937
617,Platinum Studios,2,101555098,182132049
618,Zhiv,2,101530738,192903624
619,Hammer Films,4,101479415,209141424
620,K/O Productions,1,101440743,178066569
621,Serendipity Prods,4,101352927,238492701
622,Twisted Pictures,3,101352927,238390024
623,Permut Presentations,5,101042015,193879659
624,Vynil Films,1,100614858,202726605
625,WWE Studios,27,100574027,136324999
626,Rhythm and Hues,1,100246011,204774690
627,Company Films,7,100220299,303267634
628,Edge City,1,100170152,217670152
629,Juno Pix,1,100125643,328125643
630,Start Motion Pictures,1,100014699,302212434
631,Practical Pictures,4,99346478,402047605
632,Zide Pictures,2,99346478,391810376
633,Brillstein Entertianment Partners,4,98874994,143841447
634,Big Beach,9,98440547,146179055
635,AEG Live,2,98339981,131734564
636,Jinks/Cohen Company,2,98274166,181247694
637,Ruby Films,6,97983527,160804799
638,Dorothy McKim,1,97822171,170552719
639,Blind Wink,2,97409101,284502016
640,Vinyl Films,3,97147914,144136206
641,Material Pictures,7,96620031,198414231
642,Wagner Productions,2,96522687,207765056
643,Sogecine,1,96522687,207765056
644,Las Producciones Del Escorpion,1,96522687,207765056
645,Burg-Knoules,2,95746510,126946510
646,Mark Boal,1,95720716,134612435
647,MBST Entertainment,2,95713491,95713491
648,Entertainment 360,4,95298562,168675382
649,Route One,10,95156116,137384083
650,Brian Helgeland,1,95020213,97470701
651,JD Productions,4,94959413,178563436
652,Amy Robinson,1,94125426,126646119
653,Easy There Tiger,1,94125426,126646119
654,Flower Film,1,93953653,181053657
655,Rickshaw,2,93953600,177605922
656,Reiner Greisman,1,93466502,174807445
657,A113 ,1,93436322,207283457
658,Pin High,2,93432655,162526238
659,Montford Murphy,2,93255288,271715166
660,Alphacore,1,93050117,286192091
661,Walter Parkes,2,92899644,114603872
662,Toonbox Entertainment,4,92818518,181305605
663,Demarest Films,10,92516480,208012377
664,Lovefilm,2,92249623,231443655
665,16:14 Entertainment,2,92054159,259143008
666,Ridley Scott Associates,2,92054159,259143008
667,Thunderbird Films,1,92054159,259143008
668,Bud Yorkin,1,92054159,259143008
669,Head Gear Films,20,91744040,150666808
670,Vendome Pictures,6,91614622,316607585
671,Ombra Films,4,91465481,224750776
672,Roth/Arnold,1,91188905,180188905
673,Bristol Automotive,1,91125143,227773686
674,Paramount Vantage,6,90901392,158822728
675,Nicholas Sparks Productions,2,90130011,117471829
